<?xml version="1.0" encoding="UTF-8" standalone="yes"?>
<project name="RMM" systemTags="1" description="" system="2" subsystem="1" openedwith="JS_EDITOR" backupVersion="2.0" withCertificates="false" modelVersion="19">
    <asset compressed="false" id="5713322" name="textArea" type="180"/>
    <asset compressed="false" id="5711868" name="rmm_trn_query_service" type="90"/>
    <asset compressed="false" id="5711867" name="rmm_trn_list_service" type="90"/>
    <asset compressed="false" id="5711866" name="rmm_trn_delete_service" type="90"/>
    <asset compressed="false" id="5711865" name="rmm_trn_update_service" type="90"/>
    <asset compressed="false" id="5711864" name="rmm_trn_read_service" type="90"/>
    <asset compressed="false" id="5711863" name="rmm_trn_create_service" type="90"/>
    <asset compressed="false" id="5711828" name="rmm_mnt_query_service" type="90"/>
    <asset compressed="false" id="5711827" name="rmm_mnt_list_service" type="90"/>
    <asset compressed="false" id="5711826" name="rmm_mnt_delete_service" type="90"/>
    <asset compressed="false" id="5711825" name="rmm_mnt_update_service" type="90"/>
    <asset compressed="false" id="5711824" name="rmm_mnt_read_service" type="90"/>
    <asset compressed="false" id="5711823" name="rmm_mnt_create_service" type="90"/>
    <asset compressed="false" id="5711762" name="ratePop" type="20"/>
    <asset compressed="false" id="5711761" name="spacerPop" type="20"/>
    <asset compressed="false" id="5711760" name="cftButton" type="20"/>
    <asset compressed="false" id="5711742" name="tonnesButton" type="20"/>
    <asset compressed="false" id="5711562" name="transport" type="50"/>
    <asset compressed="false" id="5711544" name="newVehicle" type="20"/>
    <asset compressed="false" id="5711466" name="itemList" type="50"/>
    <asset compressed="false" id="5711455" name="addItem" type="20"/>
    <asset compressed="false" id="5711294" name="inv_store" type="90"/>
    <asset compressed="false" id="5710725" name="newItem" type="50"/>
    <asset compressed="true" id="5708087" name="imageedit_5_2902483303.png" type="10"/>
    <asset compressed="true" id="5708079" name="construction16.png" type="10"/>
    <asset compressed="false" id="5707759" name="repairs" type="50"/>
    <asset compressed="false" id="5707262" name="rmm_exc_query_service" type="90"/>
    <asset compressed="false" id="5707261" name="rmm_exc_list_service" type="90"/>
    <asset compressed="false" id="5707260" name="rmm_exc_delete_service" type="90"/>
    <asset compressed="false" id="5707259" name="rmm_exc_update_service" type="90"/>
    <asset compressed="false" id="5707258" name="rmm_exc_read_service" type="90"/>
    <asset compressed="false" id="5707257" name="rmm_exc_create_service" type="90"/>
    <asset compressed="true" id="5703167" name="vehicle40.png" type="10"/>
    <asset compressed="false" id="5699599" name="dsl" type="20"/>
    <asset compressed="false" id="5698426" name="rmm_dsl_query_service" type="90"/>
    <asset compressed="false" id="5698425" name="rmm_dsl_list_service" type="90"/>
    <asset compressed="false" id="5698424" name="rmm_dsl_delete_service" type="90"/>
    <asset compressed="false" id="5698423" name="rmm_dsl_update_service" type="90"/>
    <asset compressed="false" id="5698422" name="rmm_dsl_read_service" type="90"/>
    <asset compressed="false" id="5698421" name="rmm_dsl_create_service" type="90"/>
    <asset compressed="false" id="5698323" name="purpose" type="20"/>
    <asset compressed="false" id="5698019" name="localStorageCal" type="20"/>
    <asset compressed="false" id="5698011" name="vehicleInput" type="20"/>
    <asset compressed="false" id="5697712" name="rmm_veh_query_service" type="90"/>
    <asset compressed="false" id="5697711" name="rmm_veh_list_service" type="90"/>
    <asset compressed="false" id="5697710" name="rmm_veh_delete_service" type="90"/>
    <asset compressed="false" id="5697709" name="rmm_veh_update_service" type="90"/>
    <asset compressed="false" id="5697708" name="rmm_veh_read_service" type="90"/>
    <asset compressed="false" id="5697707" name="rmm_veh_create_service" type="90"/>
    <asset compressed="false" id="5697692" name="newVehicle" type="50"/>
    <asset compressed="false" id="5697008" name="employeeInput" type="20"/>
    <asset compressed="false" id="5696920" name="rmm_inv_query_service" type="90"/>
    <asset compressed="false" id="5696919" name="rmm_inv_list_service" type="90"/>
    <asset compressed="false" id="5696918" name="rmm_inv_delete_service" type="90"/>
    <asset compressed="false" id="5696917" name="rmm_inv_update_service" type="90"/>
    <asset compressed="false" id="5696916" name="rmm_inv_read_service" type="90"/>
    <asset compressed="false" id="5696915" name="rmm_inv_create_service" type="90"/>
    <asset compressed="false" id="5696573" name="rmm_cr_query_service" type="90"/>
    <asset compressed="false" id="5696572" name="rmm_cr_list_service" type="90"/>
    <asset compressed="false" id="5696571" name="rmm_cr_delete_service" type="90"/>
    <asset compressed="false" id="5696570" name="rmm_cr_update_service" type="90"/>
    <asset compressed="false" id="5696569" name="rmm_cr_read_service" type="90"/>
    <asset compressed="false" id="5696568" name="rmm_cr_create_service" type="90"/>
    <asset compressed="false" id="5696274" name="partyInput" type="20"/>
    <asset compressed="false" id="5694963" name="rmm_emp_query_service" type="90"/>
    <asset compressed="false" id="5694962" name="rmm_emp_list_service" type="90"/>
    <asset compressed="false" id="5694961" name="rmm_emp_delete_service" type="90"/>
    <asset compressed="false" id="5694960" name="rmm_emp_update_service" type="90"/>
    <asset compressed="false" id="5694959" name="rmm_emp_read_service" type="90"/>
    <asset compressed="false" id="5694958" name="rmm_emp_create_service" type="90"/>
    <asset compressed="false" id="5694019" name="settings" type="50"/>
    <asset compressed="true" id="5666034" name="checklist4.png" type="10"/>
    <asset compressed="true" id="5666029" name="checked19.png" type="10"/>
    <asset compressed="true" id="5665994" name="purchase1.png" type="10"/>
    <asset compressed="true" id="5665533" name="favicon.png" type="10"/>
    <asset compressed="true" id="5665465" name="oil16.png" type="10"/>
    <asset compressed="false" id="5663596" name="CameraService" type="150"/>
    <asset compressed="true" id="5661749" name="handshake1.png" type="10"/>
    <asset compressed="false" id="5661746" name="icon" type="20"/>
    <asset compressed="false" id="5661709" name="newEmployee" type="50"/>
    <asset compressed="false" id="5661708" name="newUser" type="50"/>
    <asset compressed="false" id="5661680" name="volvo" type="50"/>
    <asset compressed="false" id="5661600" name="loginScreen" type="50"/>
    <asset compressed="false" id="5661598" name="drum" type="50"/>
    <asset compressed="false" id="5661596" name="cashRegister" type="50"/>
    <asset compressed="false" id="5635956" name="buttonGrid" type="20"/>
    <asset compressed="false" id="5635955" name="done" type="20"/>
    <asset compressed="true" id="5635953" name="rmm.gif" type="10"/>
    <asset compressed="false" id="5635952" name="customHeader" type="180"/>
    <asset compressed="false" id="5635951" name="customButton" type="180"/>
    <asset compressed="false" id="5635950" name="homeButton" type="20"/>
    <asset compressed="false" id="5635949" name="iconShortcuts" type="20"/>
    <asset compressed="false" id="5635948" name="addCustomer" type="50"/>
    <asset compressed="false" id="5635947" name="homeScreen" type="50"/>
    <asset compressed="true" id="5635946" name="settings48.png" type="10"/>
    <asset compressed="true" id="5635945" name="tools6.png" type="10"/>
    <asset compressed="true" id="5635944" name="truck63.png" type="10"/>
    <asset compressed="true" id="5635943" name="add199.png" type="10"/>
    <asset compressed="true" id="5635941" name="fuel9.png" type="10"/>
    <asset compressed="true" id="5635940" name="excavator.png" type="10"/>
    <asset compressed="true" id="5635939" name="mine2.png" type="10"/>
    <asset compressed="true" id="5635938" name="rupees.png" type="10"/>
    <asset compressed="false" id="5635936" name="minesEntry" type="50"/>
    <asset compressed="false" id="5635935" name="Project Descriptor-33" type="120"/>
    <asset compressed="false" id="5635934" name="Model and Storage" type="380"/>
    <asset compressed="false" id="5635933" name="rmm_settings" type="220"/>
    <asset compressed="false" id="5635932" name="rmm_login_service" type="90"/>
    <asset compressed="false" id="5635930" name="rmm_signup_service" type="90"/>
    <asset compressed="false" id="5635929" name="rmm_ledger_create_service" type="90"/>
    <asset compressed="false" id="5635928" name="rmm_ledger_read_service" type="90"/>
    <asset compressed="false" id="5635927" name="rmm_ledger_update_service" type="90"/>
    <asset compressed="false" id="5635926" name="rmm_ledger_delete_service" type="90"/>
    <asset compressed="false" id="5635925" name="rmm_ledger_list_service" type="90"/>
    <asset compressed="false" id="5635924" name="rmm_ledger_query_service" type="90"/>
    <asset compressed="false" id="5635923" name="rmm_mines_entry_create_service" type="90"/>
    <asset compressed="false" id="5635922" name="rmm_mines_entry_read_service" type="90"/>
    <asset compressed="false" id="5635921" name="rmm_mines_entry_update_service" type="90"/>
    <asset compressed="false" id="5635920" name="rmm_mines_entry_delete_service" type="90"/>
    <asset compressed="false" id="5635919" name="rmm_mines_entry_list_service" type="90"/>
    <asset compressed="false" id="5635918" name="rmm_mines_entry_query_service" type="90"/>
    <asset compressed="false" id="5635917" name="rmm_customers_create_service" type="90"/>
    <asset compressed="false" id="5635916" name="rmm_customers_read_service" type="90"/>
    <asset compressed="false" id="5635915" name="rmm_customers_update_service" type="90"/>
    <asset compressed="false" id="5635914" name="rmm_customers_delete_service" type="90"/>
    <asset compressed="false" id="5635913" name="rmm_customers_list_service" type="90"/>
    <asset compressed="false" id="5635912" name="rmm_customers_query_service" type="90"/>
    <asset compressed="false" id="5635911" name="rmm__files_create_service" type="90"/>
    <asset compressed="false" id="5635910" name="rmm__files_upload_service" type="90"/>
    <asset compressed="false" id="5635909" name="rmm__files_read_service" type="90"/>
    <asset compressed="false" id="5635908" name="rmm__files_delete_service" type="90"/>
    <asset compressed="false" id="5635907" name="Project metadata" type="230"/>
    <asset compressed="false" id="5635906" name="BarcodeService" type="150"/>
    <asset compressed="false" id="5635905" name="flat-ui" type="270"/>
    <asset compressed="false" id="5635904" name="autocomplete.js" type="60"/>
    <asset compressed="false" id="5635903" name="autoComplete" type="180"/>
    <source id="288384035" path="/" sourceType="user" hidden="false" readOnly="false" compressed="false" platform="ANDROID"/>
    <source id="288384037" path="/RMM/assets/" sourceType="user" hidden="false" readOnly="false" compressed="false" platform="ANDROID"/>
    <source id="288384054" path="/RMM/assets/www/files/resources/lib/cordova_plugins.js" sourceType="user" hidden="false" readOnly="false" compressed="true" platform="ANDROID"/>
    <source id="288384053" path="/RMM/res/xml/config.xml" sourceType="user" hidden="false" readOnly="false" compressed="true" platform="ANDROID"/>
    <source id="288384052" path="/RMM/res/xml/" sourceType="user" hidden="false" readOnly="false" compressed="false" platform="ANDROID"/>
    <source id="288384051" path="/RMM/res/" sourceType="user" hidden="false" readOnly="false" compressed="false" platform="ANDROID"/>
    <source id="288384046" path="/RMM/src/" sourceType="user" hidden="false" readOnly="false" compressed="false" platform="ANDROID"/>
    <source id="288384050" path="/RMM/src/nl/xservices/plugins/Toast.java" sourceType="user" hidden="false" readOnly="false" compressed="true" platform="ANDROID"/>
    <source id="288384049" path="/RMM/src/nl/xservices/plugins/" sourceType="user" hidden="false" readOnly="false" compressed="false" platform="ANDROID"/>
    <source id="288384048" path="/RMM/src/nl/xservices/" sourceType="user" hidden="false" readOnly="false" compressed="false" platform="ANDROID"/>
    <source id="288384047" path="/RMM/src/nl/" sourceType="user" hidden="false" readOnly="false" compressed="false" platform="ANDROID"/>
    <source id="288384045" path="/RMM/assets/www/files/resources/lib/plugins/nl.xservices.plugins/www/Toast.js" sourceType="user" hidden="false" readOnly="false" compressed="true" platform="ANDROID"/>
    <source id="288384044" path="/RMM/assets/www/files/resources/lib/plugins/nl.xservices.plugins/www/" sourceType="user" hidden="false" readOnly="false" compressed="false" platform="ANDROID"/>
    <source id="288384043" path="/RMM/assets/www/files/resources/lib/plugins/nl.xservices.plugins/" sourceType="user" hidden="false" readOnly="false" compressed="false" platform="ANDROID"/>
    <source id="288384042" path="/RMM/assets/www/files/resources/lib/plugins/" sourceType="user" hidden="false" readOnly="false" compressed="false" platform="ANDROID"/>
    <source id="288384041" path="/RMM/assets/www/files/resources/lib/" sourceType="user" hidden="false" readOnly="false" compressed="false" platform="ANDROID"/>
    <source id="288384040" path="/RMM/assets/www/files/resources/" sourceType="user" hidden="false" readOnly="false" compressed="false" platform="ANDROID"/>
    <source id="288384039" path="/RMM/assets/www/files/" sourceType="user" hidden="false" readOnly="false" compressed="false" platform="ANDROID"/>
    <source id="288384038" path="/RMM/assets/www/" sourceType="user" hidden="false" readOnly="false" compressed="false" platform="ANDROID"/>
    <source id="288384036" path="/RMM/" sourceType="user" hidden="false" readOnly="false" compressed="false" platform="ANDROID"/>
</project>
